POLR2AphosphoS2_MEL cell line_mouse	396.3606	239.77070081150435
JUND_MEL cell line_mouse	420.69909335947074	223.13211846411338
MYOD1_C2C12_mouse	444.6569883860633	241.50431276463806
MYOG_C2C12_mouse	430.6758395522388	229.445544286958
GATA1_G1E-ER4_mouse	370.2422	233.22095861898876
GATA2_G1E_mouse	456.4743507190384	233.7174900162499
FLI1_megakaryocyte_mouse	382.7652	232.87435081811833
TAL1_G1E-ER4_mouse	446.66961770623743	238.69979441460814
POLR2AphosphoS5_G1E-ER4_mouse	397.3866	234.35194716588148
MYC_MEL cell line_mouse	405.0324	230.6305525082053
EP300_heart_mouse	394.0556	231.21794331028886
USF2_MEL cell line_mouse	398.4886	234.35984611285278
SMC3_MEL cell line_mouse	426.4172	239.46479980189125
TAL1_erythroblast_mouse	443.7279293739968	240.4085770578908
FOSL1_C2C12_mouse	449.1436837029894	224.55266597967764
POLR2A_cortical plate_mouse	361.6024	235.30835156075503
MXI1_MEL cell line_mouse	383.3868	233.05867755945062
ETS1_MEL cell line_mouse	415.966	236.18522740425584
TAL1_MEL cell line_mouse	401.4648	234.96944814371045
POLR2A_small intestine_mouse	382.8886	237.17404198191687
MXI1_CH12.LX_mouse	397.6006	237.45924761870208
TAL1_megakaryocyte_mouse	450.41459003215436	241.7277056977991
ZMIZ1_MEL cell line_mouse	409.3468	238.99432405343853
CHD2_CH12.LX_mouse	385.9896	232.74311223286512
ETS1_CH12.LX_mouse	426.0828	235.4305883783162
POLR2A_embryonic fibroblast_mouse	393.7442	236.5935670434847
CTCF_cortical plate_mouse	423.6146	233.24833818666346
POLR2A_cerebellum_mouse	403.178	240.66174086464153
POLR2A_ES-Bruce4_mouse	370.2468	234.26276846686477
ZNF384_ES-E14_mouse	407.639	234.69645476444657
GATA1_MEL cell line_mouse	372.0108	229.4939665511053
MYOG_myocyte_mouse	362.7838	229.80487605261982
POLR2AphosphoS2_myocyte_mouse	390.399	235.47146705917487
RAD21_CH12.LX_mouse	430.172	236.22382101727166
CTCF_MEL cell line_mouse	352.933	226.63929427837522
E2F4_CH12.LX_mouse	390.382	231.27812969669202
CHD1_CH12.LX_mouse	408.486	236.11135128155166
ZNF384_CH12.LX_mouse	403.7296	232.99828000189174
CTCF_bone marrow macrophage_mouse	401.443	233.38625998760122
POLR2A_brain_mouse	389.2966	238.2591660953262
MYOD1_myocyte_mouse	375.3246	234.6378469787855
SIN3A_CH12.LX_mouse	391.5428	233.88518843261517
JUND_CH12.LX_mouse	441.9143486091655	237.21260033753754
GATA2_G1E-ER4_mouse	431.780912364946	241.111039218658
USF1_myocyte_mouse	410.5356	230.46576477351272
TBP_CH12.LX_mouse	410.0734	235.42961668498714
POLR2AphosphoS5_MEL cell line_mouse	379.8108	231.30710971208816
POLR2A_bone marrow macrophage_mouse	377.0432	232.08456246325383
POLR2AphosphoS5_G1E_mouse	391.3054	233.52712161725472
GABPA_CH12.LX_mouse	399.8682	230.4223566166268
GATA1_erythroblast_mouse	401.3548	233.43913835721702
SIN3A_MEL cell line_mouse	401.0594	233.0214382232674
POLR2A_bone marrow_mouse	372.6	231.92753782162447
POLR2A_MEL cell line_mouse	327.154	225.41556797169144
HCFC1_ES-E14_mouse	394.2026	229.99893206978177
CTCF_C2C12_mouse	395.1914	232.57361407958572
ZKSCAN1_CH12.LX_mouse	417.8148	240.9957246528659
POLR2A_testis_mouse	391.5584	234.9657187536943
CTCF_G1E-ER4_mouse	387.6454	232.15887762228687
HCFC1_CH12.LX_mouse	373.016	234.1969857705262
GATA1_megakaryocyte_mouse	443.78909090909093	243.03111070371347
CTCF_limb_mouse	391.2028	232.5704969942664
POLR2A_spleen_mouse	385.6052	233.22500580546665
USF2_CH12.LX_mouse	395.3972	230.38219686460107
POLR2A_limb_mouse	376.4406	233.23036953115707
ZMIZ1_CH12.LX_mouse	391.9968	234.05438254764644
CHD2_MEL cell line_mouse	390.3638	240.46379321960254
MAX_CH12.LX_mouse	403.0984	232.92102935853615
EP300_ES-Bruce4_mouse	410.485	231.59956341711893
CTCF_heart_mouse	403.6572	234.42956658271584
EP300_MEL cell line_mouse	434.5796	238.12986470377885
CTCF_bone marrow_mouse	408.3948	232.79824684253975
CTCF_thymus_mouse	396.6018	235.58818314329739
TCF3_myocyte_mouse	404.993	236.25487455500252
RCOR1_CH12.LX_mouse	418.029	234.1302623733208
MAFK_MEL cell line_mouse	452.61210898082743	238.96102915704517
CTCF_brain_mouse	403.4704	236.11201478078178
POLR2A_thymus_mouse	375.6136	231.71667073182329
POLR2A_lung_mouse	368.5156	237.37312433516976
ZC3H11A_CH12.LX_mouse	431.9858	239.77683874461317
POLR2A_liver_mouse	390.508	237.69519628297076
MAZ_MEL cell line_mouse	383.8962	236.27751866303362
SMC3_CH12.LX_mouse	408.4238	235.9331358532751
RCOR1_MEL cell line_mouse	429.997799559912	236.4103063780242
UBTF_MEL cell line_mouse	380.6546	235.34901422959064
ZNF384_MEL cell line_mouse	416.7938	237.41883346011133
CTCF_embryonic fibroblast_mouse	397.9732	234.20889069751334
ZC3H11A_ES-E14_mouse	451.9486150140506	241.2728045334483
CTCF_G1E_mouse	406.821	235.9701416683896
CTCF_ES-Bruce4_mouse	399.7278	236.39736654023878
NELFE_CH12.LX_mouse	379.6138	232.5061398104573
MAZ_CH12.LX_mouse	395.8672	235.03678853354003
CEBPB_myocyte_mouse	455.3757119609439	237.00539310072656
POLR2A_myocyte_mouse	392.4892	235.40090629256292
GABPA_MEL cell line_mouse	343.1501227639425	175.45787946587996
ZC3H11A_MEL cell line_mouse	459.55175191300845	236.8617277885357
CTCF_kidney_mouse	383.6436	233.9505404546868
CTCF_testis_mouse	383.721	235.153073462798
TBP_MEL cell line_mouse	389.3792	233.72749647262307
CTCF_CH12.LX_mouse	382.068	231.80782250821466
RAD21_MEL cell line_mouse	386.9828	233.15074802401986
BHLHE40_MEL cell line_mouse	408.1	233.75170844295695
UBTF_CH12.LX_mouse	396.5732	234.9873125123143
HCFC1_MEL cell line_mouse	385.5298	232.512603340034
CTCF_liver_mouse	385.6942	233.99532278735785
POLR2A_olfactory bulb_mouse	370.4064	236.1687871820489
CHD1_MEL cell line_mouse	444.3975782038345	241.5788609725756
POLR2A_heart_mouse	390.8616	235.10523695877123
MYB_MEL cell line_mouse	444.53852376137513	240.4424733594127
CTCF_olfactory bulb_mouse	408.373	233.97616004841143
NELFE_MEL cell line_mouse	406.0224	230.89109012311408
USF1_C2C12_mouse	397.7138	232.19500832179867
EP300_CH12.LX_mouse	429.182	239.28134167962168
MAFK_ES-E14_mouse	429.27	239.66629779758364
CTCF_cerebellum_mouse	419.9892	231.49252316945362
CTCF_small intestine_mouse	375.3538	233.46150223443652
MAX_myocyte_mouse	414.77055411082216	238.41385991345513
CEBPB_C2C12_mouse	419.2816	237.72680013292563
MYC_CH12.LX_mouse	391.9506	232.17550034325296
E2F4_myocyte_mouse	368.7048	230.70579979046906
TAL1_G1E_mouse	445.62234255916565	238.50606443856935
CTCF_spleen_mouse	401.8578	233.95360988700298
MAX_C2C12_mouse	386.7788	230.06571554788417
JUN_CH12.LX_mouse	439.8802	238.4570037720852
TCF12_myocyte_mouse	442.83590154092457	240.06912295864223
POLR2A_CH12.LX_mouse	389.066	234.43714305544643
BHLHE40_CH12.LX_mouse	392.4986	233.48051053147887
CTCF_lung_mouse	407.1576	234.67805172670091
KAT2A_MEL cell line_mouse	385.2684	231.7821735195354
E2F4_MEL cell line_mouse	442.3441411861276	238.18428779160968
REST_myocyte_mouse	372.001	229.11557738180923
POLR2A_kidney_mouse	377.1384	236.68565069610773
MAFK_CH12.LX_mouse	430.1676	235.13405093741716
ZKSCAN1_MEL cell line_mouse	426.35980148883374	219.6965470282577
KAT2A_CH12.LX_mouse	398.4176	232.42519831171526
MAX_MEL cell line_mouse	400.6434	232.94199328682686
POLR2AphosphoS2_CH12.LX_mouse	391.0622	233.15295565606723
SRF_myocyte_mouse	402.69833966793357	238.93230913569147
